{"cameraMode":{"drawMode":0,"name":"Shaded","section":"Shading Mode"},"sceneLighting":true,"audioPlay":false,"sceneViewState":{"m_AlwaysRefresh":false,"showFog":true,"showSkybox":true,"showFlares":true,"showImageEffects":true,"showParticleSystems":true,"showVisualEffectGraphs":true,"m_FxEnabled":true},"in2DMode":false,"pivot":{"x":5.295048236846924,"y":7.9161858558654789,"z":-0.28738081455230715},"rotation":{"x":0.27355289459228518,"y":0.05190897360444069,"z":-0.01478624902665615,"w":0.9603416919708252},"size":21.812463760375978,"orthographic":true}