{"cameraMode":{"drawMode":0,"name":"Shaded","section":"Shading Mode"},"sceneLighting":false,"audioPlay":false,"sceneViewState":{"m_AlwaysRefresh":false,"showFog":true,"showSkybox":false,"showFlares":true,"showImageEffects":true,"showParticleSystems":true,"showVisualEffectGraphs":true,"m_FxEnabled":true},"in2DMode":false,"pivot":{"x":0.0022687911987304689,"y":-0.025333568453788759,"z":-7.450580596923828e-9},"rotation":{"x":0.328987717628479,"y":0.2681269347667694,"z":-0.09799511730670929,"w":0.9001523852348328},"size":0.5339798927307129,"orthographic":false}