{"cameraMode":{"drawMode":0,"name":"Shaded","section":"Shading Mode"},"sceneLighting":false,"audioPlay":false,"sceneViewState":{"m_AlwaysRefresh":false,"showFog":true,"showSkybox":false,"showFlares":true,"showImageEffects":true,"showParticleSystems":true,"showVisualEffectGraphs":true,"m_FxEnabled":true},"in2DMode":false,"pivot":{"x":0.0849912241101265,"y":0.31923845410346987,"z":-0.08112408220767975},"rotation":{"x":0.2758612036705017,"y":0.5121068358421326,"z":-0.17798855900764466,"w":0.7937067747116089},"size":0.619843065738678,"orthographic":true}