{"cameraMode":{"drawMode":0,"name":"Shaded","section":"Shading Mode"},"sceneLighting":false,"audioPlay":false,"sceneViewState":{"m_AlwaysRefresh":false,"showFog":true,"showSkybox":false,"showFlares":true,"showImageEffects":true,"showParticleSystems":true,"showVisualEffectGraphs":true,"m_FxEnabled":true},"in2DMode":false,"pivot":{"x":-0.001550912857055664,"y":1.4901161193847657e-8,"z":0.004652678966522217},"rotation":{"x":0.3211381435394287,"y":0.09072716534137726,"z":-0.030924350023269655,"w":0.9421692490577698},"size":0.9395325779914856,"orthographic":true}