{"cameraMode":{"drawMode":0,"name":"Shaded","section":"Shading Mode"},"sceneLighting":false,"audioPlay":false,"sceneViewState":{"m_AlwaysRefresh":false,"showFog":true,"showSkybox":false,"showFlares":true,"showImageEffects":true,"showParticleSystems":true,"showVisualEffectGraphs":true,"m_FxEnabled":true},"in2DMode":false,"pivot":{"x":-3.104072093963623,"y":-1.5255078077316285,"z":7.979152679443359},"rotation":{"x":0.1668439507484436,"y":-0.028983647003769876,"z":0.004911661613732576,"w":0.9855497479438782},"size":0.5619835257530212,"orthographic":false}