{"cameraMode":{"drawMode":0,"name":"Shaded","section":"Shading Mode"},"sceneLighting":false,"audioPlay":false,"sceneViewState":{"m_AlwaysRefresh":false,"showFog":true,"showSkybox":false,"showFlares":true,"showImageEffects":true,"showParticleSystems":true,"showVisualEffectGraphs":true,"m_FxEnabled":true},"in2DMode":false,"pivot":{"x":-0.08435725420713425,"y":0.044653281569480899,"z":-0.016380682587623597},"rotation":{"x":0.16371755301952363,"y":-0.8338638544082642,"z":0.3363484740257263,"w":0.40588825941085818},"size":0.492837518453598,"orthographic":false}