{"cameraMode":{"drawMode":0,"name":"Shaded","section":"Shading Mode"},"sceneLighting":false,"audioPlay":false,"sceneViewState":{"m_AlwaysRefresh":false,"showFog":true,"showSkybox":false,"showFlares":true,"showImageEffects":true,"showParticleSystems":true,"showVisualEffectGraphs":true,"m_FxEnabled":true},"in2DMode":false,"pivot":{"x":0.5556007623672485,"y":-0.29944831132888796,"z":-0.09911539405584336},"rotation":{"x":0.041642215102910998,"y":-0.32797861099243166,"z":0.014473284594714642,"w":0.9436578154563904},"size":0.5924999117851257,"orthographic":false}