{"cameraMode":{"drawMode":0,"name":"Shaded","section":"Shading Mode"},"sceneLighting":false,"audioPlay":false,"sceneViewState":{"m_AlwaysRefresh":false,"showFog":true,"showSkybox":false,"showFlares":true,"showImageEffects":true,"showParticleSystems":true,"showVisualEffectGraphs":true,"m_FxEnabled":true},"in2DMode":false,"pivot":{"x":-6.246656894683838,"y":-1.601397156715393,"z":11.911760330200196},"rotation":{"x":-0.033741626888513568,"y":-0.7648178339004517,"z":-0.040189698338508609,"w":0.6421055197715759},"size":0.4911431074142456,"orthographic":true}