{"cameraMode":{"drawMode":0,"name":"Shaded","section":"Shading Mode"},"sceneLighting":false,"audioPlay":false,"sceneViewState":{"m_AlwaysRefresh":false,"showFog":true,"showSkybox":false,"showFlares":true,"showImageEffects":true,"showParticleSystems":true,"showVisualEffectGraphs":true,"m_FxEnabled":true},"in2DMode":false,"pivot":{"x":-0.07814764976501465,"y":1.3527685403823853,"z":-0.059091970324516299},"rotation":{"x":0.04555213451385498,"y":-0.7137415409088135,"z":0.04687703028321266,"w":0.6976519227027893},"size":0.8660253882408142,"orthographic":false}