{"cameraMode":{"drawMode":0,"name":"Shaded","section":"Shading Mode"},"sceneLighting":false,"audioPlay":false,"sceneViewState":{"m_AlwaysRefresh":false,"showFog":true,"showSkybox":false,"showFlares":true,"showImageEffects":true,"showParticleSystems":true,"showVisualEffectGraphs":true,"m_FxEnabled":true},"in2DMode":false,"pivot":{"x":-0.2076411247253418,"y":-0.02363455295562744,"z":3.725290298461914e-9},"rotation":{"x":0.14680753648281098,"y":0.833477795124054,"z":-0.26469025015830996,"w":0.46227961778640749},"size":0.572650671005249,"orthographic":true}