{"cameraMode":{"drawMode":0,"name":"Shaded","section":"Shading Mode"},"sceneLighting":false,"audioPlay":false,"sceneViewState":{"m_AlwaysRefresh":false,"showFog":true,"showSkybox":false,"showFlares":true,"showImageEffects":true,"showParticleSystems":true,"showVisualEffectGraphs":true,"m_FxEnabled":true},"in2DMode":false,"pivot":{"x":-0.02130153775215149,"y":0.672448992729187,"z":0.0025668442249298097},"rotation":{"x":0.007275217678397894,"y":0.9901402592658997,"z":-0.06073443964123726,"w":0.12789875268936158},"size":0.836941659450531,"orthographic":false}