{"cameraMode":{"drawMode":0,"name":"Shaded","section":"Shading Mode"},"sceneLighting":false,"audioPlay":false,"sceneViewState":{"m_AlwaysRefresh":false,"showFog":true,"showSkybox":false,"showFlares":true,"showImageEffects":true,"showParticleSystems":true,"showVisualEffectGraphs":true,"m_FxEnabled":true},"in2DMode":false,"pivot":{"x":-1.2385777235031129,"y":0.9874476194381714,"z":-3.725290298461914e-9},"rotation":{"x":0.002523339120671153,"y":-0.7625824213027954,"z":0.0029735334683209659,"w":0.6468846797943115},"size":0.5636074542999268,"orthographic":false}