{"cameraMode":{"drawMode":0,"name":"Shaded","section":"Shading Mode"},"sceneLighting":false,"audioPlay":false,"sceneViewState":{"m_AlwaysRefresh":false,"showFog":true,"showSkybox":false,"showFlares":true,"showImageEffects":true,"showParticleSystems":true,"showVisualEffectGraphs":true,"m_FxEnabled":true},"in2DMode":false,"pivot":{"x":-1.0055187940597535,"y":0.04464712738990784,"z":-0.5317897796630859},"rotation":{"x":0.5293192267417908,"y":0.021630188450217248,"z":-0.01349975448101759,"w":0.8480415940284729},"size":1.77705979347229,"orthographic":true}