{"cameraMode":{"drawMode":0,"name":"Shaded","section":"Shading Mode"},"sceneLighting":false,"audioPlay":false,"sceneViewState":{"m_AlwaysRefresh":false,"showFog":true,"showSkybox":false,"showFlares":true,"showImageEffects":true,"showParticleSystems":true,"showVisualEffectGraphs":true,"m_FxEnabled":true},"in2DMode":false,"pivot":{"x":169.76470947265626,"y":0.024426691234111787,"z":731.062744140625},"rotation":{"x":0.026683762669563295,"y":-0.8747819662094116,"z":0.048634059727191928,"w":0.4814002811908722},"size":0.04397653788328171,"orthographic":false}