{"cameraMode":{"drawMode":0,"name":"Shaded","section":"Shading Mode"},"sceneLighting":false,"audioPlay":false,"sceneViewState":{"m_AlwaysRefresh":false,"showFog":true,"showSkybox":false,"showFlares":true,"showImageEffects":true,"showParticleSystems":true,"showVisualEffectGraphs":true,"m_FxEnabled":true},"in2DMode":false,"pivot":{"x":246.74771118164063,"y":1856.2802734375,"z":-12.435041427612305},"rotation":{"x":0.01948513090610504,"y":0.03748384863138199,"z":-0.0007310023065656424,"w":0.9991101026535034},"size":297.21270751953127,"orthographic":false}