{"cameraMode":{"drawMode":0,"name":"Shaded","section":"Shading Mode"},"sceneLighting":false,"audioPlay":false,"sceneViewState":{"m_AlwaysRefresh":false,"showFog":true,"showSkybox":false,"showFlares":true,"showImageEffects":true,"showParticleSystems":true,"showVisualEffectGraphs":true,"m_FxEnabled":true},"in2DMode":false,"pivot":{"x":-0.0002862662076950073,"y":-0.09718327224254608,"z":-0.000017955899238586426},"rotation":{"x":0.04422773793339729,"y":-0.7557812929153442,"z":0.051321014761924747,"w":0.6513196229934692},"size":0.5412513613700867,"orthographic":true}