{"cameraMode":{"drawMode":0,"name":"Shaded","section":"Shading Mode"},"sceneLighting":true,"audioPlay":false,"sceneViewState":{"m_AlwaysRefresh":false,"showFog":true,"showSkybox":true,"showFlares":true,"showImageEffects":true,"showParticleSystems":true,"showVisualEffectGraphs":true,"m_FxEnabled":true},"in2DMode":false,"pivot":{"x":-0.7397100925445557,"y":-0.4215487837791443,"z":2.6922624111175539},"rotation":{"x":-0.023645753040909768,"y":-0.9703693985939026,"z":0.21566754579544068,"w":-0.10639165341854096},"size":7.164153575897217,"orthographic":false}